datetime_utc,decision,notes
2024-08-02 20:00:00,auto_confirm,type=unexpected | auto-confirmed by pipeline
2024-08-19 00:00:00,auto_confirm,type=unexpected | auto-confirmed by pipeline
2024-08-26 04:00:00,auto_confirm,type=unexpected | auto-confirmed by pipeline
2024-10-31 00:00:00,auto_confirm,type=scheduled | auto-confirmed by pipeline
2024-11-15 00:00:00,auto_confirm,type=scheduled | auto-confirmed by pipeline
2024-11-27 08:00:00,auto_confirm,type=unexpected | auto-confirmed by pipeline
2025-01-10 16:00:00,auto_confirm,type=unexpected | auto-confirmed by pipeline
2025-02-03 00:00:00,auto_confirm,type=unexpected | auto-confirmed by pipeline
2025-03-03 16:00:00,auto_confirm,type=unexpected | auto-confirmed by pipeline
2025-03-10 20:00:00,auto_confirm,type=unexpected | auto-confirmed by pipeline
2025-03-28 00:00:00,auto_confirm,type=scheduled | auto-confirmed by pipeline
2025-04-11 00:00:00,auto_confirm,type=scheduled | auto-confirmed by pipeline
2025-04-15 00:00:00,auto_confirm,type=scheduled | auto-confirmed by pipeline
2025-04-22 20:00:00,auto_confirm,type=unexpected | auto-confirmed by pipeline
2025-05-01 00:00:00,auto_confirm,type=scheduled | auto-confirmed by pipeline
2025-05-28 16:00:00,auto_confirm,type=unexpected | auto-confirmed by pipeline
2025-07-17 20:00:00,auto_confirm,type=unexpected | auto-confirmed by pipeline
2025-07-31 00:00:00,auto_confirm,type=scheduled | auto-confirmed by pipeline
2025-08-08 08:00:00,auto_confirm,type=unexpected | auto-confirmed by pipeline
2025-08-22 16:00:00,auto_confirm,type=unexpected | auto-confirmed by pipeline
2025-09-07 20:00:00,auto_confirm,type=unexpected | auto-confirmed by pipeline
2025-10-02 20:00:00,auto_confirm,type=scheduled | auto-confirmed by pipeline
2025-10-20 20:00:00,auto_confirm,type=unexpected | auto-confirmed by pipeline
2025-12-17 04:00:00,auto_confirm,type=unexpected | auto-confirmed by pipeline
2026-01-09 00:00:00,auto_confirm,type=unexpected | auto-confirmed by pipeline
2026-02-13 20:00:00,auto_confirm,type=unexpected | auto-confirmed by pipeline
2026-03-30 16:00:00,auto_confirm,type=unexpected | auto-confirmed by pipeline
2026-04-06 20:00:00,auto_confirm,type=unexpected | auto-confirmed by pipeline
